Protein id	Contig id	Start	Stop	Strand	Element symbol	Element name	Scope	Type	Subtype	Class	Subclass	Method	Target length	Reference sequence length	% Coverage of reference	% Identity to reference	Alignment length	Closest reference accession	Closest reference name	HMM accession	HMM description
NA	NC_003197.2	208386	208922	-	stiA	Sti fimbria major subunit StiA	plus	VIRULENCE	VIRULENCE	NA	NA	EXACTX	179	179	100.00	100.00	179	AAL19141.1	Sti fimbria major subunit StiA	NA	NA
NA	NC_003197.2	230658	231215	+	stfA	Stf fimbria major subunit StfA	plus	VIRULENCE	VIRULENCE	NA	NA	EXACTX	186	186	100.00	100.00	186	ELN2249909.1	Stf fimbria major subunit StfA	NA	NA
NA	NC_003197.2	323397	323825	+	sciR	Shiga-like toxin A subunit SciR	plus	VIRULENCE	VIRULENCE	NA	NA	EXACTX	143	143	100.00	100.00	143	AAL19241.1	Shiga-like toxin A subunit SciR	NA	NA
NA	NC_003197.2	323862	327728	+	icmF	type VI secretion protein IcmF	plus	VIRULENCE	VIRULENCE	NA	NA	BLASTX	1289	1289	100.00	99.92	1289	AKD06957.1	type VI secretion protein IcmF	NA	NA
NA	NC_003197.2	342222	342719	+	safA	Saf fimbria major subunit SafA	plus	VIRULENCE	VIRULENCE	NA	NA	EXACTX	166	166	100.00	100.00	166	AGK10248.1	Saf fimbria major subunit SafA	NA	NA
NA	NC_003197.2	342806	343540	+	safB	pili assembly chaperone SafB	plus	VIRULENCE	VIRULENCE	NA	NA	BLASTX	245	245	100.00	99.18	245	AAX64199.1	pili assembly chaperone SafB	NA	NA
NA	NC_003197.2	393897	397061	-	mdsB	multidrug efflux RND transporter permease subunit MdsB	plus	AMR	AMR	EFFLUX	EFFLUX	EXACTX	1055	1055	100.00	100.00	1055	AAL19305.1	multidrug efflux RND transporter permease subunit MdsB	NA	NA
NA	NC_003197.2	397061	398284	-	mdsA	multidrug efflux RND transporter periplasmic adaptor subunit MdsA	plus	AMR	AMR	EFFLUX	EFFLUX	EXACTX	408	408	100.00	100.00	408	AAL19306.1	multidrug efflux RND transporter periplasmic adaptor subunit MdsA	NA	NA
NA	NC_003197.2	398561	400846	+	golT	gold/copper-translocating P-type ATPase GolT	plus	STRESS	METAL	COPPER/GOLD	COPPER/GOLD	EXACTX	762	762	100.00	100.00	762	AAL19307.1	gold/copper-translocating P-type ATPase GolT	NA	NA
NA	NC_003197.2	400861	401322	+	golS	Au(I) sensor transcriptional regulator GolS	plus	STRESS	METAL	GOLD	GOLD	EXACTX	154	154	100.00	100.00	154	AAL19308.1	Au(I) sensor transcriptional regulator GolS	NA	NA
NA	NC_003197.2	579264	580037	+	gip	hydroxypyruvate isomerase Gip	plus	VIRULENCE	VIRULENCE	NA	NA	EXACTX	258	258	100.00	100.00	258	AAL19472.1	hydroxypyruvate isomerase Gip	NA	NA
NA	NC_003197.2	589986	591032	-	allD	ureidoglycolate dehydrogenase AllD	plus	VIRULENCE	VIRULENCE	NA	NA	EXACTX	349	349	100.00	100.00	349	AAL19482.1	ureidoglycolate dehydrogenase AllD	NA	NA
NA	NC_003197.2	614810	616459	-	gtrC1	putative glucosyltransferase GtrC1	plus	VIRULENCE	VIRULENCE	NA	NA	EXACTX	550	550	100.00	100.00	550	EBU6684526.1	putative glucosyltransferase GtrC1	NA	NA
NA	NC_003197.2	722539	724215	-	hscC	molecular chaperone HscC	plus	VIRULENCE	VIRULENCE	NA	NA	EXACTX	559	559	100.00	100.00	559	AAL19610.1	molecular chaperone HscC	NA	NA
NA	NC_003197.2	926184	926696	+	stm0854	STM0854 family CoA ester lyase	plus	VIRULENCE	VIRULENCE	NA	NA	EXACTX	171	171	100.00	100.00	171	AAL19790.1	STM0854 family CoA ester lyase	NA	NA
NA	NC_003197.2	932029	932916	-	stm0859	STM0859 family transcriptional regulator	plus	VIRULENCE	VIRULENCE	NA	NA	EXACTX	296	296	100.00	100.00	296	ECV7907541.1	STM0859 family transcriptional regulator	NA	NA
NA	NC_003197.2	1098234	1099523	-	int	FimB-specific integrase	plus	VIRULENCE	VIRULENCE	NA	NA	BLASTX	430	430	100.00	99.53	430	CHL97714.1	FimB-specific integrase	NA	NA
NA	NC_003197.2	1099571	1099816	-	xis	excisionase Xis	plus	VIRULENCE	VIRULENCE	NA	NA	EXACTX	82	82	100.00	100.00	82	AAO69544.1	excisionase Xis	NA	NA
NA	NC_003197.2	1113941	1114624	-	gtgA	type III secretion system effector protease GtgA	plus	VIRULENCE	VIRULENCE	NA	NA	EXACTX	228	228	100.00	100.00	228	CBW17061.1	type III secretion system effector protease GtgA	NA	NA
NA	NC_003197.2	1130044	1130574	-	sodC1	superoxide dismutase [Cu-Zn] SodC1	plus	VIRULENCE	VIRULENCE	NA	NA	EXACTX	177	177	100.00	100.00	177	AAL19978.1	superoxide dismutase [Cu-Zn] SodC1	NA	NA
NA	NC_003197.2	1139959	1140924	+	sseI	SPI-2 type III secretion system effector SseI	plus	VIRULENCE	VIRULENCE	NA	NA	EXACTX	322	322	100.00	100.00	322	HFW1528897.1	SPI-2 type III secretion system effector SseI	NA	NA
NA	NC_003197.2	1175539	1176216	-	pipA	type III secretion system effector protease PipA	plus	VIRULENCE	VIRULENCE	NA	NA	EXACTX	226	226	100.00	100.00	226	EBL5220899.1	type III secretion system effector protease PipA	NA	NA
NA	NC_003197.2	1328182	1328967	-	envF	putative envelope lipoprotein EnvF	plus	VIRULENCE	VIRULENCE	NA	NA	EXACTX	262	262	100.00	100.00	262	ALE61791.1	putative envelope lipoprotein EnvF	NA	NA
NA	NC_003197.2	1410081	1411301	-	rfc	O-antigen polymerase Rfc	plus	VIRULENCE	VIRULENCE	NA	NA	EXACTX	407	407	100.00	100.00	407	EJJ0789404.1	O-antigen polymerase Rfc	NA	NA
NA	NC_003197.2	1959504	1960415	+	pagO	PhoPQ-activated DMT family transporter PagO	plus	VIRULENCE	VIRULENCE	NA	NA	EXACTX	304	304	100.00	100.00	304	EAY8653673.1	PhoPQ-activated DMT family transporter PagO	NA	NA
NA	NC_003197.2	1963176	1963373	+	pagK	vesicle-borne virulence factor PagK	plus	VIRULENCE	VIRULENCE	NA	NA	EXACTX	66	66	100.00	100.00	66	ACY88724.1	vesicle-borne virulence factor PagK	NA	NA
NA	NC_003197.2	2231494	2232537	+	sseK2	type III secretion system effector arginine glycosyltransferase SseK2	plus	VIRULENCE	VIRULENCE	NA	NA	EXACTX	348	348	100.00	100.00	348	AAL21040.1	type III secretion system effector arginine glycosyltransferase SseK2	NA	NA
NA	NC_003197.2	2242833	2243837	-	stcD	Stc fimbria adhesin StcD	plus	VIRULENCE	VIRULENCE	NA	NA	EXACTX	335	335	100.00	100.00	335	EHE1719242.1	Stc fimbria adhesin StcD	NA	NA
NA	NC_003197.2	2247098	2247625	-	stcA	Stc fimbria major subunit StcA	plus	VIRULENCE	VIRULENCE	NA	NA	EXACTX	176	176	100.00	100.00	176	AAL21055.1	Stc fimbria major subunit StcA	NA	NA
NA	NC_003197.2	2332129	2333955	+	oafA	O-antigen acetyltransferase OafA	plus	VIRULENCE	VIRULENCE	NA	NA	EXACTX	609	609	100.00	100.00	609	EGB4445756.1	O-antigen acetyltransferase OafA	NA	NA
NA	NC_003197.2	2339186	2339551	-	stm2239	antiterminator Q family protein	plus	VIRULENCE	VIRULENCE	NA	NA	EXACTX	122	122	100.00	100.00	122	ECJ1955728.1	antiterminator Q family protein	NA	NA
NA	NC_003197.2	2340887	2343250	-	sspH2	SPI-2 type III secretion system effector E3 ubiquitin transferase SspH2	plus	VIRULENCE	VIRULENCE	NA	NA	BLASTX	788	788	100.00	99.49	788	QJV46475.1	SPI-2 type III secretion system effector E3 ubiquitin transferase SspH2	NA	NA
NA	NC_003197.2	2648612	2650801	-	sinH	intimin-like inverse autotransporter SinH	plus	VIRULENCE	VIRULENCE	NA	NA	EXACTX	730	730	100.00	100.00	730	AAL21411.1	intimin-like inverse autotransporter SinH	NA	NA
NA	NC_003197.2	2728977	2730467	+	gogB	type III secretion effector GogB	plus	VIRULENCE	VIRULENCE	NA	NA	EXACTX	497	497	100.00	100.00	497	EHF1531780.1	type III secretion effector GogB	NA	NA
NA	NC_003197.2	2731357	2731899	+	sarA	anti-inflammatory response activator SarA	plus	VIRULENCE	VIRULENCE	NA	NA	EXACTX	181	181	100.00	100.00	181	AAL21479.1	anti-inflammatory response activator SarA	NA	NA
NA	NC_003197.2	2733041	2733238	+	pagK	vesicle-borne virulence factor PagK	plus	VIRULENCE	VIRULENCE	NA	NA	BLASTX	66	66	100.00	96.97	66	ACY88724.1	vesicle-borne virulence factor PagK	NA	NA
NA	NC_003197.2	2912630	2913166	-	fljA	phase 1 flagellin gene repressor FljA	plus	VIRULENCE	VIRULENCE	NA	NA	EXACTX	179	179	100.00	100.00	179	AAL21656.1	phase 1 flagellin gene repressor FljA	NA	NA
NA	NC_003197.2	2916381	2917493	+	iroB	salmochelin biosynthesis C-glycosyltransferase IroB	plus	VIRULENCE	VIRULENCE	NA	NA	BLASTX	371	371	100.00	86.52	371	EOW04219.1	salmochelin biosynthesis C-glycosyltransferase IroB	NA	NA
NA	NC_003197.2	2917577	2921200	+	iroC	salmochelin/enterobactin export ABC transporter IroC	plus	VIRULENCE	VIRULENCE	NA	NA	BLASTX	1208	1219	98.85	80.00	1210	AUH19662.1	salmochelin/enterobactin export ABC transporter IroC	NA	NA
NA	NC_003197.2	3009908	3010813	-	avrA	type III secretion system YopJ family effector AvrA	plus	VIRULENCE	VIRULENCE	NA	NA	EXACTX	302	302	100.00	100.00	302	AAL21745.1	type III secretion system YopJ family effector AvrA	NA	NA
NA	NC_003197.2	3038410	3040464	-	invA	type III secretion system export apparatus protein InvA	plus	VIRULENCE	VIRULENCE	NA	NA	EXACTX	685	685	100.00	100.00	685	WXW86397.1	type III secretion system export apparatus protein InvA	NA	NA
NA	NC_003197.2	3279667	3280542	+	ripR	itaconate degradation transcriptional regulator RipR	plus	VIRULENCE	VIRULENCE	NA	NA	EXACTX	292	292	100.00	100.00	292	EHN9669141.1	itaconate degradation transcriptional regulator RipR	NA	NA
NA	NC_003197.2	3336957	3339212	-	parC_S57T	Escherichia quinolone resistant ParC	core	AMR	POINT	QUINOLONE	QUINOLONE	POINTX	752	752	100.00	95.08	752	WP_001281881.1	DNA topoisomerase IV subunit A ParC	NA	NA
NA	NC_003197.2	3826681	3827376	-	lpfB	long polar fimbrial chaperone LpfB	plus	VIRULENCE	VIRULENCE	NA	NA	EXACTX	232	232	100.00	100.00	232	WXV87835.1	long polar fimbrial chaperone LpfB	NA	NA
NA	NC_003197.2	3950021	3951208	+	sugR	AAA family ATPase SugR	plus	VIRULENCE	VIRULENCE	NA	NA	EXACTX	396	396	100.00	100.00	396	EBA2486913.1	AAA family ATPase SugR	NA	NA
NA	NC_003197.2	3951745	3952779	+	rhuM	cytoplasmic virulence protein RhuM	plus	VIRULENCE	VIRULENCE	NA	NA	EXACTX	345	345	100.00	100.00	345	AAL22613.1	cytoplasmic virulence protein RhuM	NA	NA
NA	NC_003197.2	3986195	3987583	-	uhpT_E350Q	Escherichia fosfomycin resistant UhpT	core	AMR	POINT	FOSFOMYCIN	FOSFOMYCIN	POINTX	463	463	100.00	95.68	463	WP_000879194.1	hexose phosphate transporter UhpT	NA	NA
NA	NC_003197.2	4159190	4159567	-	yigF	inner membrane protein YigF	plus	VIRULENCE	VIRULENCE	NA	NA	EXACTX	126	126	100.00	100.00	126	AAO70872.1	inner membrane protein YigF	NA	NA
NA	NC_003197.2	4288164	4289036	+	lsrF	3-hydroxy-5-phosphonooxypentane-2,4-dione thiolase LsrF	plus	VIRULENCE	VIRULENCE	NA	NA	EXACTX	291	291	100.00	100.00	291	ADX19853.1	3-hydroxy-5-phosphonooxypentane-2,4-dione thiolase LsrF	NA	NA
NA	NC_003197.2	4826488	4828893	-	stjB	StjB fimbria biogenesis outer membrane usher protein StjB	plus	VIRULENCE	VIRULENCE	NA	NA	EXACTX	802	802	100.00	100.00	802	EAP5396978.1	StjB fimbria biogenesis outer membrane usher protein StjB	NA	NA
NA	NC_003277.2	4995	5549	-	rcK	complement resistance protein Rck	plus	VIRULENCE	VIRULENCE	NA	NA	EXACTX	185	185	100.00	100.00	185	AAC36968.1	complement resistance protein Rck	NA	NA
NA	NC_003277.2	13572	14087	-	pefA	major pilin PefA	plus	VIRULENCE	VIRULENCE	NA	NA	EXACTX	172	172	100.00	100.00	172	AAC36959.1	major pilin PefA	NA	NA
NA	NC_003277.2	26270	26917	-	spvD	SPI-2 type III secretion system effector cysteine hydrolase SpvD	plus	VIRULENCE	VIRULENCE	NA	NA	EXACTX	216	216	100.00	100.00	216	AAG59626.1	SPI-2 type III secretion system effector cysteine hydrolase SpvD	NA	NA
NA	NC_003277.2	28188	29960	-	spvB	SPI-2 type III secretion system effector NAD(+)--protein-arginine ADP-ribosyltransferase SpvB	plus	VIRULENCE	VIRULENCE	NA	NA	EXACTX	591	591	100.00	100.00	591	AAL23530.1	SPI-2 type III secretion system effector NAD(+)--protein-arginine ADP-ribosyltransferase SpvB	NA	NA
NA	NC_003277.2	60126	60593	-	mltE	transglycosylase SLT domain-containing protein MltE	plus	VIRULENCE	VIRULENCE	NA	NA	EXACTX	156	156	100.00	100.00	156	AAL23542.1	transglycosylase SLT domain-containing protein MltE	NA	NA
NA	NC_003277.2	83209	83937	+	traT	conjugal transfer complement resistance protein TraT	plus	VIRULENCE	VIRULENCE	NA	NA	EXACTX	243	243	100.00	100.00	243	AAL23506.1	conjugal transfer complement resistance protein TraT	NA	NA
